iteration,episode_reward_mean,episode_len_mean,timesteps_total,time_total_s,lr,gamma,train_batch_size,minibatch_size,num_sgd_iter,num_drones,num_obstacles,max_steps,seed
1,-403.754639,76.245283,4096,49.667590,0.00030000,0.990000,4096,512,2,3,4,80,7
2,-384.176443,75.770000,8192,97.721731,0.00030000,0.990000,4096,512,2,3,4,80,7
3,-343.142970,74.210000,12288,138.627483,0.00030000,0.990000,4096,512,2,3,4,80,7
4,-354.532309,74.220000,16384,184.502954,0.00030000,0.990000,4096,512,2,3,4,80,7
5,-344.025758,74.970000,20480,232.446335,0.00030000,0.990000,4096,512,2,3,4,80,7
